{"cameraMode":{"drawMode":0,"name":"Shaded","section":"Shading Mode"},"sceneLighting":true,"audioPlay":false,"sceneViewState":{"m_AlwaysRefresh":false,"showFog":true,"showSkybox":true,"showFlares":true,"showImageEffects":true,"showParticleSystems":true,"showVisualEffectGraphs":true,"m_FxEnabled":true},"in2DMode":false,"pivot":{"x":6.338085174560547,"y":1.401572346687317,"z":-1.1719298362731934},"rotation":{"x":-0.012825646437704564,"y":-0.4881328046321869,"z":-0.007161971181631088,"w":0.8726551532745361},"size":0.5059037208557129,"orthographic":false}