{"cameraMode":{"drawMode":0,"name":"Shaded","section":"Shading Mode"},"sceneLighting":true,"audioPlay":false,"sceneViewState":{"m_AlwaysRefresh":false,"showFog":true,"showSkybox":true,"showFlares":true,"showImageEffects":true,"showParticleSystems":true,"showVisualEffectGraphs":true,"m_FxEnabled":true},"in2DMode":false,"pivot":{"x":-0.023899316787719728,"y":1.0744328498840333,"z":0.021489670500159265},"rotation":{"x":0.2907782196998596,"y":0.6394019722938538,"z":-0.2850770354270935,"w":0.6521856188774109},"size":0.08660541474819184,"orthographic":true}